<application>
  <component name="FileTypeManager" version="17">
    <extensionMap>
      <mapping pattern=".aws.test" type="PLAIN_TEXT" />
      <mapping pattern=".env.dev" type="PLAIN_TEXT" />
      <mapping pattern=".nvmrc" type="PLAIN_TEXT" />
      <mapping pattern=".env.production" type="PLAIN_TEXT" />
      <mapping pattern=".aws.production" type="PLAIN_TEXT" />
      <mapping pattern=".env.prod" type="PLAIN_TEXT" />
      <mapping ext="yml" type="PLAIN_TEXT" />
      <mapping ext="conf" type="PLAIN_TEXT" />
      <mapping ext="config" type="PLAIN_TEXT" />
      <mapping ext="py" type="PLAIN_TEXT" />
      <mapping ext="fnc" type="DBN-PSQL" />
      <mapping ext="pkb" type="DBN-PSQL" />
      <mapping ext="pkg" type="DBN-PSQL" />
      <mapping ext="pks" type="DBN-PSQL" />
      <mapping ext="prc" type="DBN-PSQL" />
      <mapping ext="tpb" type="DBN-PSQL" />
      <mapping ext="tpe" type="DBN-PSQL" />
      <mapping ext="tps" type="DBN-PSQL" />
      <mapping ext="trg" type="DBN-PSQL" />
      <mapping ext="vw" type="DBN-SQL" />
    </extensionMap>
  </component>
</application>