<application>
  <component name="IntentionManagerSettings">
    <ignoreAction name="CoffeeScript/Replace Double-Quoted String with Single-Quoted String" />
    <ignoreAction name="CoffeeScript/Replace Single-Quoted String with Double-Quoted String" />
    <ignoreAction name="Dart/Quick assist powered by the Dart Analysis Server" />
    <ignoreAction name="EditorConfig/Add declaration part" />
    <ignoreAction name="EditorConfig/Invert" />
    <ignoreAction name="Flow JS/Specify variable type explicitly" />
    <ignoreAction name="GraphQL/Create 'enum'" />
    <ignoreAction name="GraphQL/Create 'input'" />
    <ignoreAction name="GraphQL/Create 'interface'" />
    <ignoreAction name="GraphQL/Create 'scalar'" />
    <ignoreAction name="GraphQL/Create 'type'" />
    <ignoreAction name="GraphQL/Create 'union'" />
    <ignoreAction name="HTML/Convert entity" />
    <ignoreAction name="HTML/Update background-image size" />
    <ignoreAction name="JavaScript/Convert anonymous function to named function" />
    <ignoreAction name="JavaScript/Convert parameters to object" />
    <ignoreAction name="JavaScript/Convert to forEach call on array" />
    <ignoreAction name="JavaScript/Convert to function expression" />
    <ignoreAction name="JavaScript/Create missing 'switch' branches" />
    <ignoreAction name="JavaScript/Edit values of object literal properties" />
    <ignoreAction name="JavaScript/Introduce local variable" />
    <ignoreAction name="JavaScript/Split declarations" />
    <ignoreAction name="JavaScript/Swap method call arguments" />
    <ignoreAction name="JavaScript/Boolean/DeMorgan Law" />
    <ignoreAction name="JavaScript/Boolean/Flip Comparison" />
    <ignoreAction name="JavaScript/Boolean/Flip Conjunction Operands" />
    <ignoreAction name="JavaScript/Boolean/Negate Comparison" />
    <ignoreAction name="JavaScript/Boolean/Remove Boolean Equality" />
    <ignoreAction name="JavaScript/Comments/Move Comment To Separate Line" />
    <ignoreAction name="JavaScript/Comments/Replace With C-Style Comment" />
    <ignoreAction name="JavaScript/Comments/Replace With End Of Line Comment" />
    <ignoreAction name="JavaScript/Conditional Operator/Flip Conditional" />
    <ignoreAction name="JavaScript/Conditional Operator/Flip If" />
    <ignoreAction name="JavaScript/Conditional Operator/Remove Pointless Conditional" />
    <ignoreAction name="JavaScript/Conditional Operator/Replace Conditional With If Else" />
    <ignoreAction name="JavaScript/Conditional Operator/Replace If Else With Conditional" />
    <ignoreAction name="JavaScript/Control Flow/Add Braces" />
    <ignoreAction name="JavaScript/Control Flow/Merge Else If" />
    <ignoreAction name="JavaScript/Control Flow/Merge Equivalent Ifs To ORed Condition" />
    <ignoreAction name="JavaScript/Control Flow/Merge Nested Ifs To ANDed Condition" />
    <ignoreAction name="JavaScript/Control Flow/Merge Parallel For Loops" />
    <ignoreAction name="JavaScript/Control Flow/Merge Parallel For-In Loops" />
    <ignoreAction name="JavaScript/Control Flow/Merge Parallel Ifs" />
    <ignoreAction name="JavaScript/Control Flow/Remove Braces" />
    <ignoreAction name="JavaScript/Control Flow/Remove Redundant Else" />
    <ignoreAction name="JavaScript/Control Flow/Replace If With Switch" />
    <ignoreAction name="JavaScript/Control Flow/Replace Switch With If" />
    <ignoreAction name="JavaScript/Control Flow/Simplify If Else" />
    <ignoreAction name="JavaScript/Control Flow/Split ANDed Condition To Nested Ifs" />
    <ignoreAction name="JavaScript/Control Flow/Split Else If" />
    <ignoreAction name="JavaScript/Control Flow/Split ORed Condition To Equivalent Ifs" />
    <ignoreAction name="JavaScript/Declaration/Merge Declaration And Initialization" />
    <ignoreAction name="JavaScript/Declaration/Split Declaration And Initialization" />
    <ignoreAction name="JavaScript/Declaration/Split Declaration And Move To Scope Start" />
    <ignoreAction name="JavaScript/ECMAScript 6/Change ES6 import " />
    <ignoreAction name="JavaScript/ECMAScript 6/Convert 'forEach' to 'for..of'" />
    <ignoreAction name="JavaScript/ECMAScript 6/Convert arrow function to anonymous function" />
    <ignoreAction name="JavaScript/ECMAScript 6/Convert function and its member declarations to class" />
    <ignoreAction name="JavaScript/ECMAScript 6/Convert template string to use visible line separators" />
    <ignoreAction name="JavaScript/ECMAScript 6/Convert to multi-line string template" />
    <ignoreAction name="JavaScript/ECMAScript 6/Create Getter" />
    <ignoreAction name="JavaScript/ECMAScript 6/Create Getter and Setter" />
    <ignoreAction name="JavaScript/ECMAScript 6/Create Setter" />
    <ignoreAction name="JavaScript/ECMAScript 6/Create derived class / Implement interface" />
    <ignoreAction name="JavaScript/ECMAScript 6/Iterate with for..of" />
    <ignoreAction name="JavaScript/ECMAScript 6/Move to a file with matching name" />
    <ignoreAction name="JavaScript/ECMAScript 6/Remove digit separators" />
    <ignoreAction name="JavaScript/ECMAScript 6/Rename file to match type name" />
    <ignoreAction name="JavaScript/ECMAScript 6/Replace string with template string" />
    <ignoreAction name="JavaScript/ECMAScript 6/Separate digits" />
    <ignoreAction name="JavaScript/JSX/Remove braces" />
    <ignoreAction name="JavaScript/JSX/Wrap value with {}" />
    <ignoreAction name="JavaScript/Language Injection/Annotate injection with comment" />
    <ignoreAction name="JavaScript/Language Injection/Don't format injected content" />
    <ignoreAction name="JavaScript/Numbers/Convert To Binary" />
    <ignoreAction name="JavaScript/Numbers/Convert To Decimal" />
    <ignoreAction name="JavaScript/Numbers/Convert To Hexadecimal" />
    <ignoreAction name="JavaScript/Numbers/Convert To Octal" />
    <ignoreAction name="JavaScript/Other/Compute Constant Value" />
    <ignoreAction name="JavaScript/Other/Compute Constant Value For Subexpression" />
    <ignoreAction name="JavaScript/Other/Extract Increment" />
    <ignoreAction name="JavaScript/Other/Join Concatenated String Literals" />
    <ignoreAction name="JavaScript/Other/Replace Assignment With Operator Assignment" />
    <ignoreAction name="JavaScript/Other/Replace Double-Quoted String with Single-Quoted String" />
    <ignoreAction name="JavaScript/Other/Replace Single-Quoted String with Double-Quoted String" />
    <ignoreAction name="JavaScript/Shift Operation/Replace Multiply with Shift" />
    <ignoreAction name="JavaScript/Shift Operation/Replace Shift with Multiply" />
    <ignoreAction name="Language Injection/Edit Injected Fragment" />
    <ignoreAction name="Language Injection/Edit Injection Settings" />
    <ignoreAction name="Language Injection/Inject language or reference" />
    <ignoreAction name="Language Injection/Un-inject Language/Reference" />
    <ignoreAction name="Other/Flip ','" />
    <ignoreAction name="Quokka.js/Add &quot;const thing = require('thing');&quot;" />
    <ignoreAction name="Quokka.js/Add &quot;import thing from 'thing';&quot;" />
    <ignoreAction name="Quokka.js/Install the missing package for the Quokka file" />
    <ignoreAction name="Quokka.js/Install the missing package into the project" />
    <ignoreAction name="Quokka.js/Show value" />
    <ignoreAction name="RegExp/Check RegExp" />
    <ignoreAction name="TypeScript/Convert field to parameter property" />
    <ignoreAction name="TypeScript/Convert parameter property to class field" />
    <ignoreAction name="TypeScript/Convert type alias to enum" />
    <ignoreAction name="TypeScript/Convert type alias to interface" />
    <ignoreAction name="TypeScript/Generate reference path comment" />
    <ignoreAction name="TypeScript/Implement in derived classes" />
    <ignoreAction name="TypeScript/Make 'private'" />
    <ignoreAction name="TypeScript/Make 'protected'" />
    <ignoreAction name="TypeScript/Make 'public'" />
    <ignoreAction name="VueJS/Extract Vue Component" />
    <ignoreAction name="XML/Add Xsi schema location for external resource" />
    <ignoreAction name="XML/Choose Color" />
    <ignoreAction name="XML/Collapse empty tag" />
    <ignoreAction name="XML/Convert CDATA to text" />
    <ignoreAction name="XML/Convert attribute to child element" />
    <ignoreAction name="XML/Convert tag to attribute" />
    <ignoreAction name="XML/Convert text to CData" />
    <ignoreAction name="XML/Expand empty tag" />
    <ignoreAction name="XML/Fetch external resource" />
    <ignoreAction name="XML/Insert namespace prefix" />
    <ignoreAction name="XML/Manually setup external resource" />
    <ignoreAction name="XML/Merge Tags" />
    <ignoreAction name="XML/Rearrange tag attributes" />
    <ignoreAction name="XML/Remove attribute" />
    <ignoreAction name="XML/Remove tag" />
    <ignoreAction name="XML/Reset to default namespace" />
    <ignoreAction name="XML/Split current tag" />
    <ignoreAction name="XSLT/Add optional Argument(s)" />
    <ignoreAction name="XSLT/Convert if to choose" />
    <ignoreAction name="XSLT/Inline xsl:attribute" />
    <ignoreAction name="XSLT/Replace with xsl:attribute" />
  </component>
</application>