<application>
  <component name="ActionMacroManager">
    <macro name="changeThemeColors">
      <shortuct text="meta COMMA" />
    </macro>
    <macro name="goToEndAndLog">
      <action id="EditorLineEnd" />
      <typing text-keycode="83:0;67:0;32:0">sc&amp;#x20;</typing>
    </macro>
    <macro name="selfClosingToFull">
      <action id="EditorLeft" />
      <action id="EditorBackSpace" />
      <action id="EditorRight" />
      <typing text-keycode="0:1;47:0">&lt;/</typing>
      <action id="EditorPreviousWord" />
      <action id="EditorPreviousWord" />
      <action id="EditorPreviousWord" />
      <action id="EditorEnter" />
    </macro>
    <macro name="bracketsToQuotes">
      <action id="EditorBackSpace" />
      <typing text-keycode="0:1">&quot;</typing>
    </macro>
    <macro name="finishWithStyles">
      <typing text-keycode="83:0;84:0;89:0;76:0;69:0;83:0">styles</typing>
      <action id="EditorRight" />
      <typing text-keycode="0:1">(</typing>
      <action id="EditorLineEnd" />
      <action id="EditorLeft" />
      <typing text-keycode="0:1">)</typing>
    </macro>
    <macro name="funcToClassComp">
      <action id="EditorLineStart" />
      <action id="EditorNextWordWithSelection" />
      <action id="EditorLeftWithSelection" />
      <typing text-keycode="70:0;85:0;78:0;67:0;84:0;73:0;79:0;78:0">function</typing>
      <action id="EditorLineEnd" />
      <action id="EditorLeft" />
      <action id="EditorLeft" />
      <action id="EditorPreviousWordWithSelection" />
      <action id="EditorPreviousWordWithSelection" />
      <action id="EditorPreviousWordWithSelection" />
      <action id="EditorLeftWithSelection" />
      <action id="EditorBackSpace" />
      <typing text-keycode="0:1">(</typing>
      <action id="EditorLeft" />
      <action id="EditorLeft" />
      <action id="EditorLeft" />
      <action id="EditorLeft" />
      <action id="EditorLeft" />
      <action id="EditorLeft" />
      <action id="EditorLeft" />
      <action id="EditorLeft" />
      <action id="ShowIntentionActions" />
      <shortuct text="ENTER" />
    </macro>
  </component>
</application>