<keymap version="1" name="Mac OS X 10.5+ copy" parent="Mac OS X 10.5+">
  <action id="ActivateMongoExplorerToolWindow">
    <keyboard-shortcut first-keystroke="shift meta 0" />
  </action>
  <action id="CheckinProject">
    <keyboard-shortcut first-keystroke="shift meta k" />
  </action>
  <action id="DBNavigator.Actions.Execute">
    <keyboard-shortcut first-keystroke="meta enter" />
    <keyboard-shortcut first-keystroke="shift meta 0" />
  </action>
  <action id="DBNavigator.Actions.ExplainPlan" />
  <action id="Images.Editor.ToggleGrid" />
  <action id="Javascript.Linters.EsLint.Fix">
    <keyboard-shortcut first-keystroke="shift meta l" />
  </action>
  <action id="Macro.bracketsToQuotes">
    <keyboard-shortcut first-keystroke="meta quote" />
  </action>
  <action id="Macro.finishWithStyles">
    <keyboard-shortcut first-keystroke="shift meta back_slash" />
  </action>
  <action id="Macro.selfClosingToFull">
    <keyboard-shortcut first-keystroke="meta semicolon" />
  </action>
  <action id="Quokka.RunQuokkaOnFile">
    <keyboard-shortcut first-keystroke="meta i" />
  </action>
  <action id="SplitHorizontally">
    <keyboard-shortcut first-keystroke="ctrl meta alt space" />
  </action>
  <action id="SplitVertically">
    <keyboard-shortcut first-keystroke="ctrl meta alt open_bracket" />
  </action>
  <action id="SwitchApply">
    <keyboard-shortcut first-keystroke="ctrl alt enter" />
  </action>
  <action id="SwitchDown">
    <keyboard-shortcut first-keystroke="ctrl alt down" />
  </action>
  <action id="SwitchLeft">
    <keyboard-shortcut first-keystroke="ctrl alt left" />
  </action>
  <action id="SwitchRight">
    <keyboard-shortcut first-keystroke="ctrl alt right" />
  </action>
  <action id="SwitchUp">
    <keyboard-shortcut first-keystroke="ctrl alt up" />
  </action>
  <action id="Unsplit">
    <keyboard-shortcut first-keystroke="ctrl meta alt close_bracket" />
  </action>
  <action id="Vcs.Push" />
  <action id="editRunConfigurations">
    <keyboard-shortcut first-keystroke="ctrl l" />
  </action>
</keymap>